image_id,label
201820.jpg,blast
202165.jpg,tungro
200827.jpg,normal
200237.jpg,brown_spot
200529.jpg,brown_spot
203307.jpg,blast
203037.jpg,bacterial_panicle_blight
202974.jpg,blast
200458.jpg,blast
200783.jpg,hispa
201119.jpg,blast
201669.jpg,brown_spot
201207.jpg,dead_heart
202494.jpg,normal
200813.jpg,normal
202765.jpg,normal
200532.jpg,normal
202032.jpg,normal
201766.jpg,blast
203326.jpg,dead_heart
202748.jpg,normal
201281.jpg,downy_mildew
200723.jpg,hispa
200447.jpg,normal
200361.jpg,brown_spot
201400.jpg,dead_heart
203062.jpg,dead_heart
201906.jpg,dead_heart
201092.jpg,blast
202493.jpg,hispa
200286.jpg,normal
203252.jpg,dead_heart
200035.jpg,dead_heart
201779.jpg,brown_spot
200217.jpg,dead_heart
201941.jpg,hispa
200611.jpg,brown_spot
202244.jpg,blast
202140.jpg,dead_heart
202175.jpg,blast
202423.jpg,bacterial_leaf_streak
200265.jpg,normal
200781.jpg,bacterial_leaf_streak
200003.jpg,brown_spot
200808.jpg,dead_heart
200200.jpg,dead_heart
202004.jpg,blast
202073.jpg,normal
200406.jpg,blast
202602.jpg,blast
201066.jpg,dead_heart
202400.jpg,downy_mildew
200559.jpg,hispa
201996.jpg,hispa
201320.jpg,blast
200524.jpg,tungro
201458.jpg,normal
202445.jpg,normal
201363.jpg,brown_spot
202434.jpg,downy_mildew
202805.jpg,bacterial_leaf_blight
200512.jpg,hispa
200348.jpg,hispa
203253.jpg,hispa
202125.jpg,tungro
200184.jpg,blast
200228.jpg,blast
203195.jpg,dead_heart
201111.jpg,blast
200893.jpg,blast
202359.jpg,hispa
201605.jpg,tungro
202735.jpg,blast
202227.jpg,blast
200508.jpg,dead_heart
201062.jpg,hispa
201913.jpg,tungro
202614.jpg,blast
200307.jpg,blast
201534.jpg,hispa
200895.jpg,dead_heart
200905.jpg,hispa
200491.jpg,tungro
201535.jpg,blast
202723.jpg,normal
202016.jpg,dead_heart
201628.jpg,brown_spot
201468.jpg,normal
202843.jpg,normal
203211.jpg,brown_spot
201413.jpg,dead_heart
201053.jpg,normal
202026.jpg,normal
200117.jpg,normal
201150.jpg,hispa
201872.jpg,dead_heart
202376.jpg,normal
200019.jpg,dead_heart
201914.jpg,normal
200273.jpg,normal
203042.jpg,normal
200976.jpg,normal
200606.jpg,bacterial_leaf_streak
203015.jpg,blast
200492.jpg,tungro
202283.jpg,brown_spot
201353.jpg,blast
201041.jpg,dead_heart
201229.jpg,tungro
200790.jpg,normal
200670.jpg,hispa
203228.jpg,normal
201258.jpg,hispa
201259.jpg,normal
201527.jpg,tungro
202633.jpg,bacterial_leaf_blight
202378.jpg,downy_mildew
202709.jpg,dead_heart
203113.jpg,blast
203033.jpg,normal
202526.jpg,blast
203029.jpg,blast
202658.jpg,bacterial_leaf_blight
201928.jpg,dead_heart
201546.jpg,brown_spot
202592.jpg,normal
201867.jpg,hispa
202178.jpg,brown_spot
202967.jpg,dead_heart
202854.jpg,bacterial_leaf_blight
203154.jpg,tungro
201290.jpg,dead_heart
201221.jpg,brown_spot
201511.jpg,tungro
202649.jpg,bacterial_leaf_blight
201157.jpg,blast
203056.jpg,hispa
202620.jpg,hispa
202638.jpg,dead_heart
200146.jpg,normal
200336.jpg,bacterial_leaf_streak
201031.jpg,bacterial_leaf_streak
200355.jpg,downy_mildew
203295.jpg,brown_spot
200687.jpg,dead_heart
200097.jpg,blast
203012.jpg,blast
200560.jpg,normal
203219.jpg,dead_heart
201169.jpg,bacterial_leaf_streak
203053.jpg,hispa
202965.jpg,normal
202900.jpg,bacterial_panicle_blight
203066.jpg,hispa
200290.jpg,normal
202681.jpg,normal
203031.jpg,bacterial_leaf_streak
202656.jpg,blast
200990.jpg,blast
203368.jpg,downy_mildew
200250.jpg,blast
200222.jpg,hispa
202120.jpg,blast
200445.jpg,dead_heart
203317.jpg,bacterial_panicle_blight
200385.jpg,hispa
202501.jpg,tungro
202342.jpg,dead_heart
201085.jpg,tungro
201122.jpg,normal
202756.jpg,blast
200770.jpg,bacterial_leaf_streak
201523.jpg,hispa
202348.jpg,hispa
200082.jpg,dead_heart
200711.jpg,normal
201827.jpg,hispa
201201.jpg,bacterial_panicle_blight
203459.jpg,hispa
203013.jpg,hispa
203018.jpg,downy_mildew
200015.jpg,normal
202454.jpg,blast
202314.jpg,normal
202820.jpg,brown_spot
201714.jpg,brown_spot
201418.jpg,dead_heart
203286.jpg,blast
200432.jpg,bacterial_panicle_blight
203239.jpg,downy_mildew
200578.jpg,dead_heart
201465.jpg,hispa
202254.jpg,normal
201107.jpg,bacterial_leaf_streak
201775.jpg,bacterial_leaf_streak
201178.jpg,blast
202995.jpg,tungro
203026.jpg,hispa
201354.jpg,normal
202933.jpg,normal
202547.jpg,hispa
200407.jpg,hispa
202766.jpg,blast
200654.jpg,blast
203059.jpg,bacterial_panicle_blight
202366.jpg,dead_heart
202097.jpg,dead_heart
203173.jpg,blast
203114.jpg,brown_spot
202987.jpg,normal
203176.jpg,bacterial_leaf_blight
200919.jpg,dead_heart
202640.jpg,bacterial_leaf_blight
203075.jpg,dead_heart
200815.jpg,dead_heart
200367.jpg,normal
202567.jpg,normal
200302.jpg,dead_heart
200098.jpg,tungro
200500.jpg,normal
202969.jpg,blast
201522.jpg,bacterial_leaf_streak
200903.jpg,tungro
202809.jpg,downy_mildew
201309.jpg,hispa
202594.jpg,bacterial_leaf_streak
202307.jpg,bacterial_leaf_streak
202710.jpg,downy_mildew
200621.jpg,normal
200137.jpg,normal
200008.jpg,brown_spot
201892.jpg,downy_mildew
202151.jpg,bacterial_leaf_blight
201604.jpg,blast
200291.jpg,brown_spot
202403.jpg,blast
201295.jpg,dead_heart
200227.jpg,dead_heart
201693.jpg,bacterial_panicle_blight
201748.jpg,tungro
202654.jpg,hispa
200052.jpg,tungro
202029.jpg,dead_heart
203391.jpg,normal
201765.jpg,blast
202872.jpg,blast
203455.jpg,hispa
200992.jpg,normal
203118.jpg,blast
203454.jpg,dead_heart
202373.jpg,hispa
200310.jpg,tungro
202404.jpg,bacterial_leaf_streak
200415.jpg,bacterial_leaf_streak
200817.jpg,brown_spot
202598.jpg,dead_heart
203466.jpg,hispa
200689.jpg,dead_heart
200377.jpg,blast
202730.jpg,hispa
200319.jpg,normal
201573.jpg,normal
202979.jpg,brown_spot
202591.jpg,normal
200211.jpg,bacterial_leaf_blight
200379.jpg,blast
201127.jpg,normal
202651.jpg,dead_heart
201776.jpg,dead_heart
203021.jpg,normal
203376.jpg,bacterial_leaf_streak
200713.jpg,blast
200107.jpg,hispa
202096.jpg,brown_spot
202241.jpg,dead_heart
200092.jpg,blast
202471.jpg,brown_spot
201730.jpg,blast
200936.jpg,blast
200483.jpg,dead_heart
201653.jpg,brown_spot
200448.jpg,normal
201969.jpg,hispa
200538.jpg,dead_heart
203424.jpg,blast
202712.jpg,hispa
200793.jpg,brown_spot
201146.jpg,normal
203129.jpg,brown_spot
203370.jpg,tungro
200526.jpg,hispa
202479.jpg,hispa
201269.jpg,dead_heart
200681.jpg,blast
200171.jpg,dead_heart
201379.jpg,normal
200952.jpg,bacterial_leaf_streak
202802.jpg,hispa
202459.jpg,dead_heart
201552.jpg,blast
203077.jpg,normal
201457.jpg,brown_spot
201536.jpg,blast
201715.jpg,bacterial_leaf_blight
201168.jpg,tungro
203178.jpg,blast
202906.jpg,dead_heart
203336.jpg,normal
201108.jpg,blast
201034.jpg,bacterial_leaf_streak
200644.jpg,bacterial_leaf_blight
201621.jpg,dead_heart
201607.jpg,blast
201788.jpg,blast
200115.jpg,dead_heart
200782.jpg,blast
202315.jpg,dead_heart
200740.jpg,normal
202986.jpg,brown_spot
202562.jpg,bacterial_panicle_blight
201926.jpg,blast
200327.jpg,bacterial_leaf_streak
200726.jpg,dead_heart
201105.jpg,bacterial_panicle_blight
200868.jpg,normal
202171.jpg,hispa
201610.jpg,hispa
202698.jpg,normal
201029.jpg,hispa
200768.jpg,dead_heart
200109.jpg,tungro
202142.jpg,tungro
200121.jpg,dead_heart
201232.jpg,tungro
201101.jpg,dead_heart
203406.jpg,tungro
201058.jpg,hispa
202779.jpg,normal
200150.jpg,dead_heart
200910.jpg,dead_heart
202361.jpg,blast
203374.jpg,normal
202845.jpg,tungro
201708.jpg,bacterial_panicle_blight
201504.jpg,normal
202665.jpg,blast
201774.jpg,brown_spot
202780.jpg,bacterial_leaf_blight
201930.jpg,dead_heart
200603.jpg,dead_heart
200571.jpg,dead_heart
202678.jpg,downy_mildew
201697.jpg,blast
200456.jpg,normal
201746.jpg,hispa
202605.jpg,bacterial_leaf_streak
202642.jpg,downy_mildew
201510.jpg,downy_mildew
202267.jpg,downy_mildew
201655.jpg,blast
200501.jpg,normal
202531.jpg,hispa
200138.jpg,brown_spot
201745.jpg,normal
203359.jpg,bacterial_leaf_blight
201362.jpg,bacterial_leaf_streak
202437.jpg,bacterial_leaf_blight
202305.jpg,blast
200579.jpg,dead_heart
203313.jpg,normal
201844.jpg,tungro
201998.jpg,tungro
200531.jpg,hispa
200600.jpg,normal
202134.jpg,bacterial_panicle_blight
201559.jpg,blast
202541.jpg,blast
203028.jpg,blast
202080.jpg,blast
201156.jpg,downy_mildew
202968.jpg,hispa
201084.jpg,hispa
200244.jpg,hispa
200878.jpg,dead_heart
202224.jpg,hispa
203468.jpg,bacterial_leaf_streak
202801.jpg,normal
202858.jpg,tungro
200353.jpg,blast
202733.jpg,normal
201786.jpg,blast
200369.jpg,blast
200562.jpg,blast
201634.jpg,dead_heart
202817.jpg,bacterial_leaf_blight
200203.jpg,bacterial_leaf_streak
202042.jpg,hispa
202282.jpg,brown_spot
202428.jpg,blast
200287.jpg,bacterial_leaf_streak
202536.jpg,brown_spot
200784.jpg,blast
201275.jpg,tungro
203030.jpg,dead_heart
201646.jpg,hispa
200142.jpg,bacterial_leaf_blight
203125.jpg,normal
202461.jpg,normal
203293.jpg,brown_spot
202387.jpg,normal
201444.jpg,hispa
201039.jpg,bacterial_leaf_blight
201815.jpg,tungro
202144.jpg,hispa
201830.jpg,bacterial_panicle_blight
201246.jpg,bacterial_leaf_blight
201222.jpg,downy_mildew
202525.jpg,blast
203442.jpg,bacterial_panicle_blight
201369.jpg,hispa
201501.jpg,bacterial_leaf_blight
201626.jpg,blast
202850.jpg,normal
201750.jpg,blast
201613.jpg,blast
202270.jpg,normal
201609.jpg,tungro
201578.jpg,hispa
201426.jpg,bacterial_leaf_streak
201416.jpg,dead_heart
202771.jpg,brown_spot
201518.jpg,bacterial_panicle_blight
202545.jpg,normal
200279.jpg,bacterial_leaf_streak
200504.jpg,brown_spot
202980.jpg,hispa
200260.jpg,blast
200703.jpg,normal
202935.jpg,brown_spot
203449.jpg,blast
202325.jpg,blast
200961.jpg,blast
202835.jpg,brown_spot
203311.jpg,dead_heart
202966.jpg,tungro
203263.jpg,blast
201716.jpg,brown_spot
200030.jpg,bacterial_leaf_streak
202810.jpg,hispa
202228.jpg,dead_heart
203221.jpg,blast
203345.jpg,blast
203084.jpg,tungro
200901.jpg,normal
201650.jpg,hispa
202589.jpg,downy_mildew
202585.jpg,tungro
201841.jpg,hispa
202823.jpg,dead_heart
202303.jpg,hispa
201381.jpg,tungro
201512.jpg,downy_mildew
200543.jpg,dead_heart
200482.jpg,tungro
202127.jpg,tungro
200073.jpg,downy_mildew
202538.jpg,normal
202736.jpg,tungro
202248.jpg,tungro
201741.jpg,dead_heart
201361.jpg,normal
201989.jpg,blast
202869.jpg,bacterial_panicle_blight
201126.jpg,normal
200838.jpg,tungro
201625.jpg,dead_heart
200776.jpg,dead_heart
202563.jpg,hispa
201623.jpg,bacterial_leaf_streak
201757.jpg,dead_heart
201143.jpg,bacterial_leaf_blight
202873.jpg,hispa
201317.jpg,bacterial_leaf_streak
202236.jpg,hispa
202203.jpg,dead_heart
202379.jpg,bacterial_leaf_streak
201254.jpg,hispa
202564.jpg,normal
203331.jpg,downy_mildew
203380.jpg,dead_heart
201505.jpg,dead_heart
201959.jpg,tungro
203172.jpg,dead_heart
202396.jpg,hispa
201717.jpg,bacterial_leaf_streak
202707.jpg,tungro
200906.jpg,normal
202786.jpg,brown_spot
203047.jpg,normal
200705.jpg,hispa
202984.jpg,brown_spot
202476.jpg,dead_heart
203469.jpg,dead_heart
201038.jpg,hispa
201588.jpg,blast
201751.jpg,normal
202177.jpg,brown_spot
201986.jpg,bacterial_leaf_streak
203334.jpg,normal
202732.jpg,normal
201961.jpg,hispa
201488.jpg,blast
201638.jpg,bacterial_panicle_blight
200270.jpg,blast
200086.jpg,bacterial_leaf_blight
201938.jpg,hispa
200301.jpg,tungro
201179.jpg,tungro
201920.jpg,normal
201683.jpg,normal
201975.jpg,blast
200476.jpg,dead_heart
202939.jpg,blast
203279.jpg,brown_spot
201164.jpg,blast
203074.jpg,tungro
202031.jpg,tungro
200690.jpg,blast
202433.jpg,blast
201476.jpg,dead_heart
200805.jpg,hispa
200393.jpg,blast
201713.jpg,hispa
200298.jpg,hispa
201439.jpg,normal
202524.jpg,blast
200312.jpg,normal
200975.jpg,tungro
202991.jpg,normal
201274.jpg,blast
200143.jpg,blast
202867.jpg,tungro
200537.jpg,normal
200699.jpg,dead_heart
201220.jpg,dead_heart
202337.jpg,normal
203202.jpg,blast
200778.jpg,normal
201263.jpg,tungro
201370.jpg,tungro
201887.jpg,tungro
200542.jpg,normal
200937.jpg,normal
201701.jpg,tungro
203381.jpg,blast
202928.jpg,normal
202277.jpg,dead_heart
203169.jpg,normal
201401.jpg,bacterial_panicle_blight
202788.jpg,dead_heart
201333.jpg,brown_spot
200100.jpg,bacterial_leaf_blight
200036.jpg,hispa
203095.jpg,hispa
201734.jpg,blast
201226.jpg,hispa
202309.jpg,bacterial_leaf_streak
200625.jpg,hispa
201809.jpg,blast
201951.jpg,hispa
202220.jpg,blast
200634.jpg,hispa
201124.jpg,normal
201818.jpg,blast
200486.jpg,hispa
203294.jpg,dead_heart
202104.jpg,normal
201754.jpg,dead_heart
201507.jpg,blast
202393.jpg,bacterial_panicle_blight
201851.jpg,normal
200979.jpg,normal
201824.jpg,dead_heart
201597.jpg,hispa
202913.jpg,tungro
203230.jpg,downy_mildew
203184.jpg,brown_spot
200834.jpg,hispa
202497.jpg,downy_mildew
200243.jpg,tungro
202763.jpg,blast
202539.jpg,tungro
202639.jpg,brown_spot
200364.jpg,dead_heart
202610.jpg,hispa
202406.jpg,blast
200234.jpg,blast
201236.jpg,hispa
200388.jpg,normal
203254.jpg,blast
201759.jpg,bacterial_leaf_blight
201898.jpg,normal
202838.jpg,dead_heart
203346.jpg,hispa
202169.jpg,tungro
203276.jpg,blast
201828.jpg,blast
202510.jpg,tungro
202263.jpg,dead_heart
200087.jpg,dead_heart
203364.jpg,tungro
203358.jpg,blast
202290.jpg,normal
201448.jpg,normal
201310.jpg,tungro
203151.jpg,downy_mildew
201182.jpg,tungro
200515.jpg,dead_heart
200762.jpg,blast
200371.jpg,tungro
200886.jpg,dead_heart
200959.jpg,tungro
200387.jpg,blast
200586.jpg,dead_heart
201912.jpg,dead_heart
202253.jpg,dead_heart
202891.jpg,tungro
200163.jpg,dead_heart
203069.jpg,hispa
202300.jpg,dead_heart
203138.jpg,hispa
202367.jpg,normal
202332.jpg,dead_heart
200057.jpg,hispa
203207.jpg,brown_spot
202239.jpg,normal
202682.jpg,blast
200238.jpg,blast
203404.jpg,blast
202055.jpg,normal
202650.jpg,brown_spot
202905.jpg,hispa
202092.jpg,blast
201724.jpg,tungro
202266.jpg,hispa
203413.jpg,hispa
203131.jpg,bacterial_leaf_streak
200623.jpg,blast
202451.jpg,dead_heart
200230.jpg,downy_mildew
200633.jpg,blast
200318.jpg,dead_heart
202045.jpg,blast
200288.jpg,normal
203000.jpg,blast
200892.jpg,normal
200085.jpg,downy_mildew
200983.jpg,bacterial_leaf_streak
202392.jpg,bacterial_leaf_streak
203386.jpg,downy_mildew
200824.jpg,bacterial_leaf_blight
202977.jpg,normal
203099.jpg,bacterial_panicle_blight
200262.jpg,bacterial_leaf_streak
203281.jpg,dead_heart
200212.jpg,tungro
202385.jpg,tungro
202924.jpg,brown_spot
202191.jpg,downy_mildew
202701.jpg,hispa
200764.jpg,dead_heart
201447.jpg,normal
200995.jpg,brown_spot
201420.jpg,dead_heart
202478.jpg,normal
203144.jpg,blast
201365.jpg,blast
202754.jpg,bacterial_leaf_blight
203273.jpg,hispa
201329.jpg,brown_spot
200849.jpg,bacterial_panicle_blight
200322.jpg,downy_mildew
201735.jpg,hispa
201691.jpg,normal
200551.jpg,hispa
202915.jpg,dead_heart
202634.jpg,dead_heart
201642.jpg,normal
203174.jpg,dead_heart
200880.jpg,brown_spot
202059.jpg,bacterial_leaf_streak
200717.jpg,bacterial_leaf_streak
201383.jpg,dead_heart
202742.jpg,dead_heart
202331.jpg,tungro
201782.jpg,hispa
201116.jpg,normal
201322.jpg,hispa
200145.jpg,blast
203421.jpg,normal
201489.jpg,tungro
200580.jpg,downy_mildew
201048.jpg,hispa
201292.jpg,hispa
201899.jpg,hispa
202316.jpg,normal
203006.jpg,bacterial_panicle_blight
201635.jpg,tungro
201840.jpg,bacterial_leaf_blight
200828.jpg,normal
201326.jpg,hispa
203025.jpg,dead_heart
201200.jpg,hispa
200661.jpg,blast
201068.jpg,tungro
203119.jpg,dead_heart
200152.jpg,blast
200278.jpg,bacterial_leaf_blight
201211.jpg,bacterial_panicle_blight
202734.jpg,normal
201372.jpg,downy_mildew
200851.jpg,brown_spot
200569.jpg,brown_spot
202672.jpg,normal
201054.jpg,tungro
201983.jpg,normal
203157.jpg,normal
202146.jpg,brown_spot
201037.jpg,normal
201074.jpg,hispa
202204.jpg,normal
200568.jpg,bacterial_panicle_blight
203189.jpg,brown_spot
200442.jpg,dead_heart
203227.jpg,bacterial_leaf_blight
200665.jpg,downy_mildew
203039.jpg,normal
203220.jpg,normal
201617.jpg,tungro
200747.jpg,tungro
203441.jpg,bacterial_leaf_streak
201649.jpg,hispa
200991.jpg,blast
200607.jpg,normal
200433.jpg,hispa
203153.jpg,bacterial_panicle_blight
200466.jpg,tungro
200018.jpg,hispa
201206.jpg,normal
201423.jpg,blast
201585.jpg,dead_heart
201342.jpg,hispa
201013.jpg,normal
202109.jpg,bacterial_leaf_blight
203420.jpg,normal
201217.jpg,dead_heart
201803.jpg,tungro
201469.jpg,blast
203409.jpg,dead_heart
200272.jpg,bacterial_leaf_streak
201663.jpg,tungro
202502.jpg,brown_spot
201061.jpg,bacterial_leaf_streak
200730.jpg,bacterial_leaf_streak
201679.jpg,normal
203137.jpg,bacterial_panicle_blight
202695.jpg,bacterial_leaf_streak
201797.jpg,dead_heart
202917.jpg,hispa
202739.jpg,bacterial_leaf_streak
200608.jpg,normal
202659.jpg,normal
202892.jpg,hispa
203094.jpg,hispa
200742.jpg,dead_heart
202336.jpg,normal
200430.jpg,hispa
200202.jpg,normal
200134.jpg,normal
201603.jpg,blast
201620.jpg,blast
200685.jpg,downy_mildew
201262.jpg,normal
200494.jpg,blast
200135.jpg,downy_mildew
201171.jpg,tungro
201118.jpg,blast
202354.jpg,tungro
201864.jpg,tungro
200216.jpg,brown_spot
202726.jpg,hispa
200376.jpg,brown_spot
202553.jpg,downy_mildew
202139.jpg,downy_mildew
200274.jpg,tungro
200277.jpg,normal
201580.jpg,tungro
200072.jpg,hispa
203318.jpg,hispa
200564.jpg,hispa
200095.jpg,normal
201584.jpg,blast
202202.jpg,dead_heart
201554.jpg,bacterial_leaf_streak
201674.jpg,brown_spot
203436.jpg,bacterial_leaf_blight
200710.jpg,hispa
201659.jpg,normal
200131.jpg,brown_spot
200576.jpg,brown_spot
202291.jpg,normal
200141.jpg,dead_heart
200190.jpg,brown_spot
201690.jpg,brown_spot
201530.jpg,normal
203096.jpg,blast
201470.jpg,blast
200660.jpg,dead_heart
202848.jpg,brown_spot
202703.jpg,dead_heart
201624.jpg,normal
202095.jpg,normal
202426.jpg,blast
202885.jpg,tungro
202195.jpg,dead_heart
202943.jpg,hispa
200971.jpg,dead_heart
201296.jpg,hispa
202910.jpg,bacterial_leaf_streak
200973.jpg,downy_mildew
202198.jpg,blast
200547.jpg,bacterial_leaf_streak
200062.jpg,tungro
202186.jpg,normal
203188.jpg,blast
201398.jpg,tungro
200485.jpg,bacterial_leaf_blight
202333.jpg,dead_heart
202119.jpg,blast
202128.jpg,tungro
202051.jpg,hispa
201651.jpg,bacterial_leaf_streak
200994.jpg,hispa
203351.jpg,tungro
201214.jpg,hispa
202206.jpg,dead_heart
202985.jpg,bacterial_leaf_streak
201968.jpg,dead_heart
201237.jpg,bacterial_leaf_streak
201934.jpg,normal
200714.jpg,downy_mildew
200021.jpg,dead_heart
200614.jpg,downy_mildew
201452.jpg,brown_spot
200729.jpg,blast
202292.jpg,blast
203036.jpg,hispa
202312.jpg,brown_spot
200932.jpg,dead_heart
201415.jpg,hispa
200324.jpg,normal
202922.jpg,tungro
202160.jpg,normal
201917.jpg,tungro
200340.jpg,dead_heart
201305.jpg,hispa
203324.jpg,bacterial_leaf_streak
202280.jpg,tungro
201687.jpg,bacterial_leaf_streak
202586.jpg,tungro
201957.jpg,blast
200996.jpg,bacterial_panicle_blight
201904.jpg,normal
201798.jpg,normal
202689.jpg,dead_heart
200101.jpg,hispa
200209.jpg,normal
202414.jpg,normal
201288.jpg,normal
203237.jpg,hispa
203213.jpg,hispa
203141.jpg,hispa
202399.jpg,dead_heart
201473.jpg,blast
201483.jpg,downy_mildew
201703.jpg,hispa
200328.jpg,hispa
203399.jpg,downy_mildew
200599.jpg,normal
203255.jpg,blast
201956.jpg,dead_heart
200566.jpg,downy_mildew
200010.jpg,normal
201694.jpg,tungro
203104.jpg,dead_heart
201106.jpg,bacterial_leaf_streak
202268.jpg,blast
202108.jpg,downy_mildew
202871.jpg,tungro
200080.jpg,dead_heart
200785.jpg,normal
200900.jpg,normal
202021.jpg,blast
200176.jpg,brown_spot
202415.jpg,dead_heart
200957.jpg,hispa
201202.jpg,normal
200804.jpg,brown_spot
201557.jpg,dead_heart
202382.jpg,dead_heart
201272.jpg,tungro
202062.jpg,blast
203067.jpg,bacterial_leaf_blight
200094.jpg,normal
203110.jpg,dead_heart
201022.jpg,dead_heart
201088.jpg,blast
200590.jpg,bacterial_leaf_blight
203057.jpg,brown_spot
200459.jpg,normal
201382.jpg,tungro
202466.jpg,blast
200985.jpg,hispa
201992.jpg,normal
201019.jpg,normal
202503.jpg,tungro
200194.jpg,tungro
201567.jpg,dead_heart
202758.jpg,tungro
201644.jpg,hispa
200890.jpg,blast
202836.jpg,blast
200706.jpg,dead_heart
202245.jpg,bacterial_leaf_streak
200924.jpg,normal
202078.jpg,tungro
202148.jpg,tungro
201490.jpg,bacterial_leaf_streak
203071.jpg,normal
200185.jpg,dead_heart
201336.jpg,downy_mildew
200276.jpg,dead_heart
201482.jpg,blast
201695.jpg,bacterial_panicle_blight
201315.jpg,brown_spot
200588.jpg,blast
203384.jpg,normal
200235.jpg,tungro
202637.jpg,tungro
200572.jpg,normal
201767.jpg,bacterial_panicle_blight
203226.jpg,tungro
203328.jpg,brown_spot
200462.jpg,hispa
200577.jpg,brown_spot
201438.jpg,hispa
200663.jpg,downy_mildew
203432.jpg,brown_spot
200372.jpg,normal
200368.jpg,bacterial_panicle_blight
202964.jpg,brown_spot
202793.jpg,normal
202302.jpg,normal
200641.jpg,blast
202343.jpg,blast
203120.jpg,dead_heart
200624.jpg,hispa
201215.jpg,normal
200058.jpg,tungro
202010.jpg,blast
201443.jpg,bacterial_leaf_blight
201826.jpg,bacterial_leaf_blight
200988.jpg,brown_spot
200390.jpg,normal
200264.jpg,normal
202976.jpg,hispa
203135.jpg,dead_heart
201569.jpg,hispa
203106.jpg,downy_mildew
202751.jpg,blast
203401.jpg,dead_heart
201884.jpg,dead_heart
201880.jpg,normal
201144.jpg,tungro
200831.jpg,bacterial_panicle_blight
203327.jpg,bacterial_leaf_streak
203332.jpg,downy_mildew
203222.jpg,hispa
203168.jpg,hispa
200119.jpg,brown_spot
202744.jpg,blast
201027.jpg,normal
200063.jpg,brown_spot
201710.jpg,dead_heart
200891.jpg,hispa
201802.jpg,normal
201312.jpg,brown_spot
203218.jpg,brown_spot
200049.jpg,bacterial_panicle_blight
203209.jpg,downy_mildew
201681.jpg,normal
203418.jpg,bacterial_panicle_blight
201587.jpg,brown_spot
200825.jpg,tungro
200295.jpg,tungro
200638.jpg,blast
200640.jpg,dead_heart
202523.jpg,tungro
202759.jpg,hispa
201563.jpg,normal
202153.jpg,dead_heart
201699.jpg,tungro
200221.jpg,dead_heart
202297.jpg,brown_spot
200218.jpg,blast
200602.jpg,dead_heart
202946.jpg,hispa
202064.jpg,tungro
200539.jpg,blast
202663.jpg,bacterial_leaf_blight
202164.jpg,downy_mildew
203155.jpg,normal
200829.jpg,blast
203156.jpg,blast
203427.jpg,brown_spot
201783.jpg,normal
202088.jpg,hispa
201137.jpg,brown_spot
201565.jpg,brown_spot
201842.jpg,normal
200584.jpg,blast
202430.jpg,brown_spot
202003.jpg,normal
202477.jpg,downy_mildew
202561.jpg,normal
203082.jpg,normal
201736.jpg,bacterial_leaf_streak
202587.jpg,blast
201173.jpg,hispa
202764.jpg,blast
202081.jpg,dead_heart
200213.jpg,normal
201050.jpg,normal
201045.jpg,hispa
201839.jpg,brown_spot
200284.jpg,normal
200299.jpg,normal
202713.jpg,blast
203242.jpg,blast
200296.jpg,normal
201100.jpg,downy_mildew
201721.jpg,dead_heart
203088.jpg,blast
202090.jpg,brown_spot
200549.jpg,dead_heart
201497.jpg,tungro
201091.jpg,normal
201455.jpg,dead_heart
201153.jpg,brown_spot
200563.jpg,hispa
201972.jpg,downy_mildew
200760.jpg,downy_mildew
203133.jpg,bacterial_leaf_blight
201093.jpg,blast
201431.jpg,normal
202262.jpg,bacterial_panicle_blight
200585.jpg,normal
200005.jpg,blast
202978.jpg,dead_heart
201278.jpg,dead_heart
203147.jpg,blast
200158.jpg,tungro
201519.jpg,hispa
201170.jpg,normal
201813.jpg,hispa
201445.jpg,blast
201199.jpg,blast
201368.jpg,downy_mildew
203159.jpg,bacterial_panicle_blight
202289.jpg,brown_spot
201883.jpg,dead_heart
201978.jpg,dead_heart
203315.jpg,blast
202685.jpg,blast
200160.jpg,bacterial_leaf_blight
201001.jpg,downy_mildew
201063.jpg,normal
201014.jpg,downy_mildew
200438.jpg,normal
200380.jpg,normal
201332.jpg,downy_mildew
201967.jpg,bacterial_leaf_streak
203309.jpg,normal
200672.jpg,bacterial_panicle_blight
200888.jpg,normal
201374.jpg,blast
202085.jpg,normal
201593.jpg,dead_heart
200671.jpg,bacterial_leaf_streak
202921.jpg,normal
202357.jpg,normal
200591.jpg,blast
203117.jpg,hispa
202724.jpg,dead_heart
201886.jpg,bacterial_leaf_streak
201790.jpg,bacterial_leaf_blight
201549.jpg,brown_spot
202743.jpg,normal
203308.jpg,dead_heart
202159.jpg,tungro
202753.jpg,dead_heart
203342.jpg,blast
202442.jpg,tungro
200786.jpg,bacterial_leaf_blight
203109.jpg,hispa
201056.jpg,hispa
200196.jpg,bacterial_panicle_blight
202041.jpg,tungro
203081.jpg,bacterial_leaf_streak
202187.jpg,hispa
201636.jpg,brown_spot
202054.jpg,hispa
201785.jpg,hispa
202053.jpg,hispa
201925.jpg,normal
202117.jpg,blast
202310.jpg,blast
203247.jpg,blast
201366.jpg,dead_heart
202135.jpg,tungro
200420.jpg,tungro
201894.jpg,bacterial_panicle_blight
202904.jpg,tungro
203181.jpg,blast
201094.jpg,blast
200536.jpg,blast
201208.jpg,normal
202150.jpg,dead_heart
202789.jpg,brown_spot
200316.jpg,downy_mildew
202036.jpg,tungro
203140.jpg,dead_heart
200360.jpg,blast
201478.jpg,dead_heart
201348.jpg,normal
203282.jpg,hispa
201502.jpg,tungro
201907.jpg,bacterial_leaf_streak
203344.jpg,blast
200765.jpg,hispa
201747.jpg,dead_heart
202398.jpg,hispa
202194.jpg,tungro
201849.jpg,normal
201547.jpg,hispa
202278.jpg,hispa
203044.jpg,blast
201421.jpg,tungro
201770.jpg,downy_mildew
203348.jpg,dead_heart
202173.jpg,normal
202192.jpg,normal
201526.jpg,bacterial_panicle_blight
200411.jpg,hispa
203035.jpg,bacterial_leaf_blight
202056.jpg,dead_heart
200181.jpg,bacterial_leaf_streak
201873.jpg,normal
203440.jpg,blast
202113.jpg,bacterial_leaf_streak
201181.jpg,blast
200818.jpg,blast
200179.jpg,tungro
202692.jpg,normal
200956.jpg,brown_spot
201589.jpg,hispa
202970.jpg,normal
201453.jpg,normal
203139.jpg,blast
200830.jpg,blast
200908.jpg,dead_heart
202660.jpg,hispa
201147.jpg,bacterial_panicle_blight
200065.jpg,tungro
202130.jpg,brown_spot
201321.jpg,hispa
201778.jpg,normal
203452.jpg,dead_heart
202699.jpg,dead_heart
200323.jpg,bacterial_leaf_blight
200011.jpg,dead_heart
202356.jpg,blast
200081.jpg,dead_heart
200444.jpg,downy_mildew
203347.jpg,normal
203300.jpg,blast
201397.jpg,normal
201744.jpg,brown_spot
202777.jpg,brown_spot
200933.jpg,dead_heart
201616.jpg,bacterial_leaf_streak
201657.jpg,normal
201159.jpg,hispa
200345.jpg,blast
200506.jpg,bacterial_panicle_blight
202102.jpg,brown_spot
202261.jpg,tungro
201900.jpg,dead_heart
202897.jpg,dead_heart
200731.jpg,tungro
202683.jpg,blast
200338.jpg,brown_spot
201328.jpg,tungro
203190.jpg,blast
203395.jpg,normal
203093.jpg,blast
201030.jpg,normal
201990.jpg,brown_spot
201096.jpg,dead_heart
202879.jpg,normal
203086.jpg,hispa
202147.jpg,normal
202923.jpg,normal
203397.jpg,tungro
202138.jpg,downy_mildew
202577.jpg,normal
202383.jpg,hispa
203149.jpg,blast
201012.jpg,normal
202902.jpg,blast
202702.jpg,downy_mildew
200503.jpg,dead_heart
200147.jpg,dead_heart
201205.jpg,tungro
202774.jpg,downy_mildew
200424.jpg,tungro
200487.jpg,hispa
202209.jpg,blast
202824.jpg,blast
200045.jpg,bacterial_leaf_blight
201393.jpg,blast
200034.jpg,brown_spot
203297.jpg,downy_mildew
202012.jpg,downy_mildew
202419.jpg,hispa
200060.jpg,hispa
200940.jpg,hispa
202089.jpg,normal
201289.jpg,bacterial_panicle_blight
202574.jpg,tungro
202452.jpg,blast
200481.jpg,normal
200326.jpg,blast
201251.jpg,blast
201343.jpg,hispa
200860.jpg,normal
202083.jpg,blast
201432.jpg,hispa
201411.jpg,dead_heart
202715.jpg,normal
200777.jpg,blast
203450.jpg,normal
202791.jpg,tungro
201942.jpg,downy_mildew
202947.jpg,downy_mildew
202821.jpg,brown_spot
200363.jpg,downy_mildew
202015.jpg,normal
203197.jpg,dead_heart
203439.jpg,brown_spot
202324.jpg,normal
201500.jpg,downy_mildew
202156.jpg,blast
202251.jpg,brown_spot
201442.jpg,normal
202498.jpg,bacterial_leaf_blight
202948.jpg,blast
200718.jpg,normal
200431.jpg,downy_mildew
200917.jpg,bacterial_leaf_blight
200132.jpg,hispa
202566.jpg,bacterial_leaf_blight
202038.jpg,bacterial_panicle_blight
203323.jpg,downy_mildew
202593.jpg,dead_heart
200962.jpg,bacterial_leaf_streak
200314.jpg,hispa
203244.jpg,normal
203102.jpg,blast
201338.jpg,hispa
203001.jpg,bacterial_panicle_blight
200093.jpg,hispa
202517.jpg,dead_heart
202499.jpg,blast
200668.jpg,normal
200332.jpg,hispa
200126.jpg,hispa
201539.jpg,bacterial_leaf_streak
200942.jpg,hispa
202929.jpg,hispa
201997.jpg,hispa
203130.jpg,blast
200358.jpg,hispa
201660.jpg,hispa
200519.jpg,normal
202755.jpg,hispa
201462.jpg,downy_mildew
200788.jpg,dead_heart
202757.jpg,downy_mildew
200263.jpg,brown_spot
200304.jpg,tungro
203152.jpg,dead_heart
203248.jpg,downy_mildew
200259.jpg,dead_heart
201410.jpg,tungro
201592.jpg,hispa
200766.jpg,hispa
203435.jpg,normal
201935.jpg,downy_mildew
203216.jpg,bacterial_panicle_blight
203277.jpg,brown_spot
202958.jpg,tungro
203393.jpg,brown_spot
201276.jpg,dead_heart
200522.jpg,dead_heart
201055.jpg,hispa
200846.jpg,tungro
202465.jpg,blast
201704.jpg,hispa
201384.jpg,hispa
200859.jpg,blast
202546.jpg,hispa
200953.jpg,brown_spot
202223.jpg,bacterial_panicle_blight
200857.jpg,blast
202481.jpg,hispa
200124.jpg,blast
200511.jpg,downy_mildew
202686.jpg,tungro
201729.jpg,tungro
200866.jpg,tungro
202889.jpg,bacterial_leaf_streak
200964.jpg,blast
200460.jpg,hispa
200700.jpg,normal
200441.jpg,hispa
201390.jpg,normal
202911.jpg,blast
201806.jpg,hispa
202145.jpg,brown_spot
202794.jpg,normal
202920.jpg,normal
200427.jpg,blast
201356.jpg,bacterial_panicle_blight
202460.jpg,blast
203092.jpg,normal
200669.jpg,downy_mildew
203372.jpg,hispa
201643.jpg,hispa
201893.jpg,tungro
202157.jpg,normal
202778.jpg,hispa
203446.jpg,tungro
203444.jpg,hispa
201933.jpg,brown_spot
200172.jpg,blast
202534.jpg,blast
201952.jpg,normal
201799.jpg,normal
202962.jpg,bacterial_leaf_blight
200794.jpg,tungro
202318.jpg,normal
201325.jpg,brown_spot
201437.jpg,dead_heart
202830.jpg,bacterial_panicle_blight
202099.jpg,hispa
200247.jpg,tungro
200575.jpg,normal
200646.jpg,tungro
201859.jpg,normal
201492.jpg,bacterial_panicle_blight
203027.jpg,blast
203272.jpg,normal
202690.jpg,hispa
203238.jpg,normal
201550.jpg,blast
200626.jpg,normal
201976.jpg,hispa
201577.jpg,blast
201324.jpg,dead_heart
202530.jpg,bacterial_leaf_blight
202549.jpg,dead_heart
202852.jpg,normal
201689.jpg,hispa
201044.jpg,normal
200090.jpg,blast
202932.jpg,blast
200168.jpg,tungro
201422.jpg,tungro
201330.jpg,tungro
202447.jpg,hispa
200191.jpg,tungro
201097.jpg,blast
203319.jpg,bacterial_leaf_streak
200188.jpg,blast
200341.jpg,normal
202666.jpg,dead_heart
200026.jpg,hispa
200300.jpg,blast
200469.jpg,blast
203045.jpg,blast
201973.jpg,downy_mildew
202013.jpg,hispa
200206.jpg,normal
200370.jpg,blast
202105.jpg,tungro
203265.jpg,dead_heart
203426.jpg,normal
202265.jpg,downy_mildew
200205.jpg,tungro
200802.jpg,blast
202616.jpg,downy_mildew
202116.jpg,hispa
200826.jpg,tungro
202669.jpg,downy_mildew
201331.jpg,dead_heart
203316.jpg,hispa
202397.jpg,bacterial_leaf_blight
201340.jpg,blast
201829.jpg,blast
203288.jpg,bacterial_panicle_blight
201911.jpg,blast
201863.jpg,brown_spot
201284.jpg,downy_mildew
201843.jpg,hispa
203410.jpg,hispa
201000.jpg,tungro
202548.jpg,dead_heart
203231.jpg,normal
202841.jpg,hispa
202067.jpg,blast
202688.jpg,normal
200550.jpg,tungro
200552.jpg,blast
202636.jpg,hispa
202440.jpg,blast
200741.jpg,dead_heart
203003.jpg,tungro
202721.jpg,brown_spot
203014.jpg,downy_mildew
200728.jpg,brown_spot
202483.jpg,downy_mildew
200233.jpg,blast
201891.jpg,hispa
202720.jpg,hispa
201599.jpg,dead_heart
200502.jpg,normal
201172.jpg,normal
201188.jpg,dead_heart
202936.jpg,brown_spot
201709.jpg,brown_spot
201932.jpg,brown_spot
203333.jpg,dead_heart
201835.jpg,blast
200853.jpg,bacterial_panicle_blight
200679.jpg,blast
200573.jpg,tungro
202847.jpg,downy_mildew
202529.jpg,dead_heart
200999.jpg,hispa
201696.jpg,normal
203305.jpg,normal
201064.jpg,normal
200814.jpg,normal
201461.jpg,dead_heart
200330.jpg,blast
200140.jpg,tungro
203160.jpg,normal
200516.jpg,brown_spot
202369.jpg,tungro
200779.jpg,normal
200947.jpg,normal
201176.jpg,hispa
202243.jpg,normal
200647.jpg,hispa
201860.jpg,hispa
200939.jpg,blast
201705.jpg,bacterial_leaf_streak
202882.jpg,dead_heart
202381.jpg,downy_mildew
200317.jpg,hispa
200042.jpg,brown_spot
201922.jpg,bacterial_leaf_streak
200071.jpg,bacterial_panicle_blight
202094.jpg,hispa
201395.jpg,normal
203284.jpg,normal
200410.jpg,downy_mildew
200429.jpg,blast
201285.jpg,hispa
203259.jpg,tungro
202783.jpg,hispa
200806.jpg,tungro
203108.jpg,brown_spot
200593.jpg,tungro
200874.jpg,bacterial_leaf_streak
201939.jpg,blast
200257.jpg,blast
200076.jpg,brown_spot
201311.jpg,blast
200128.jpg,hispa
201024.jpg,blast
201378.jpg,brown_spot
201283.jpg,dead_heart
200725.jpg,normal
202954.jpg,brown_spot
203388.jpg,tungro
201752.jpg,normal
200837.jpg,brown_spot
202101.jpg,normal
203170.jpg,hispa
200980.jpg,blast
203460.jpg,normal
201133.jpg,hispa
200653.jpg,hispa
202377.jpg,downy_mildew
202617.jpg,dead_heart
200399.jpg,brown_spot
200475.jpg,brown_spot
200156.jpg,bacterial_leaf_streak
201134.jpg,bacterial_panicle_blight
202808.jpg,bacterial_panicle_blight
200701.jpg,blast
200811.jpg,bacterial_panicle_blight
201427.jpg,blast
201680.jpg,brown_spot
200809.jpg,downy_mildew
202870.jpg,hispa
201337.jpg,downy_mildew
202625.jpg,blast
200935.jpg,blast
202768.jpg,hispa
201212.jpg,normal
200154.jpg,bacterial_leaf_streak
200373.jpg,normal
200028.jpg,normal
203201.jpg,hispa
202037.jpg,normal
202839.jpg,downy_mildew
200044.jpg,hispa
202629.jpg,normal
201764.jpg,hispa
202558.jpg,hispa
202057.jpg,hispa
201677.jpg,normal
202952.jpg,hispa
203261.jpg,hispa
202938.jpg,tungro
202677.jpg,hispa
201185.jpg,normal
201673.jpg,blast
202581.jpg,hispa
201700.jpg,bacterial_leaf_blight
201875.jpg,brown_spot
201727.jpg,hispa
201344.jpg,dead_heart
201071.jpg,bacterial_panicle_blight
200972.jpg,bacterial_leaf_blight
200643.jpg,hispa
203251.jpg,hispa
202540.jpg,tungro
201999.jpg,tungro
203377.jpg,brown_spot
202166.jpg,brown_spot
203349.jpg,blast
202626.jpg,brown_spot
201572.jpg,bacterial_leaf_blight
202317.jpg,dead_heart
201594.jpg,brown_spot
202646.jpg,tungro
203411.jpg,blast
200698.jpg,normal
200261.jpg,bacterial_leaf_blight
200024.jpg,dead_heart
200254.jpg,dead_heart
202480.jpg,hispa
200736.jpg,blast
200680.jpg,tungro
202327.jpg,blast
201025.jpg,blast
200378.jpg,dead_heart
200245.jpg,hispa
201652.jpg,hispa
202091.jpg,normal
201375.jpg,hispa
200855.jpg,dead_heart
202450.jpg,tungro
200761.jpg,hispa
202880.jpg,dead_heart
200118.jpg,dead_heart
202993.jpg,hispa
201742.jpg,brown_spot
200966.jpg,dead_heart
202306.jpg,bacterial_panicle_blight
203107.jpg,dead_heart
200918.jpg,tungro
201916.jpg,brown_spot
202065.jpg,hispa
202572.jpg,brown_spot
200843.jpg,hispa
201404.jpg,normal
200478.jpg,blast
201213.jpg,bacterial_leaf_streak
202112.jpg,dead_heart
201819.jpg,normal
202412.jpg,blast
202364.jpg,hispa
200292.jpg,hispa
201811.jpg,hispa
202504.jpg,tungro
200656.jpg,brown_spot
202330.jpg,dead_heart
202257.jpg,normal
201719.jpg,dead_heart
202781.jpg,brown_spot
200743.jpg,bacterial_leaf_blight
200968.jpg,blast
200405.jpg,brown_spot
202372.jpg,normal
202190.jpg,normal
202338.jpg,brown_spot
200306.jpg,blast
201386.jpg,blast
201662.jpg,normal
201104.jpg,tungro
202596.jpg,bacterial_leaf_blight
202878.jpg,normal
201672.jpg,normal
201771.jpg,hispa
202486.jpg,normal
203423.jpg,tungro
202881.jpg,blast
201007.jpg,normal
201733.jpg,hispa
200047.jpg,tungro
202797.jpg,hispa
201456.jpg,brown_spot
202576.jpg,dead_heart
202183.jpg,hispa
202352.jpg,hispa
201707.jpg,dead_heart
203402.jpg,blast
203063.jpg,normal
201970.jpg,blast
201807.jpg,blast
200879.jpg,blast
202219.jpg,normal
200351.jpg,blast
203016.jpg,brown_spot
202934.jpg,brown_spot
203383.jpg,dead_heart
201180.jpg,brown_spot
201837.jpg,dead_heart
203203.jpg,dead_heart
200344.jpg,blast
200199.jpg,tungro
200032.jpg,dead_heart
201227.jpg,hispa
203167.jpg,normal
202294.jpg,downy_mildew
202386.jpg,dead_heart
202827.jpg,blast
202907.jpg,bacterial_panicle_blight
203043.jpg,downy_mildew
201718.jpg,bacterial_leaf_blight
201850.jpg,tungro
202814.jpg,normal
202888.jpg,hispa
201035.jpg,tungro
200926.jpg,blast
200025.jpg,blast
202034.jpg,tungro
202676.jpg,normal
202645.jpg,normal
202785.jpg,hispa
200426.jpg,bacterial_panicle_blight
200587.jpg,bacterial_panicle_blight
200807.jpg,blast
200662.jpg,downy_mildew
202582.jpg,bacterial_leaf_blight
201103.jpg,blast
200077.jpg,normal
202834.jpg,tungro
202846.jpg,blast
200881.jpg,tungro
202752.jpg,tungro
202232.jpg,bacterial_leaf_blight
201471.jpg,bacterial_leaf_streak
203464.jpg,dead_heart
203143.jpg,blast
200934.jpg,tungro
202022.jpg,hispa
202687.jpg,normal
200454.jpg,blast
201449.jpg,normal
200683.jpg,tungro
200009.jpg,hispa
202355.jpg,bacterial_panicle_blight
202883.jpg,dead_heart
203438.jpg,hispa
201606.jpg,tungro
200144.jpg,blast
203463.jpg,normal
201158.jpg,normal
200110.jpg,blast
200496.jpg,bacterial_leaf_blight
202641.jpg,bacterial_leaf_streak
200048.jpg,brown_spot
200266.jpg,blast
200157.jpg,bacterial_leaf_blight
201371.jpg,dead_heart
200675.jpg,hispa
200258.jpg,hispa
202247.jpg,normal
200208.jpg,brown_spot
201184.jpg,tungro
202959.jpg,hispa
202474.jpg,brown_spot
201888.jpg,hispa
201882.jpg,blast
201796.jpg,bacterial_leaf_blight
203341.jpg,dead_heart
203208.jpg,normal
200223.jpg,dead_heart
202865.jpg,hispa
201987.jpg,dead_heart
201919.jpg,normal
201175.jpg,downy_mildew
200151.jpg,hispa
200749.jpg,blast
201082.jpg,hispa
202909.jpg,blast
200241.jpg,hispa
202505.jpg,brown_spot
201098.jpg,downy_mildew
200033.jpg,brown_spot
202370.jpg,normal
200753.jpg,dead_heart
202509.jpg,tungro
201658.jpg,normal
202014.jpg,dead_heart
201141.jpg,brown_spot
200909.jpg,brown_spot
200198.jpg,blast
200530.jpg,normal
200463.jpg,blast
201477.jpg,tungro
203142.jpg,downy_mildew
200112.jpg,blast
200333.jpg,hispa
203017.jpg,dead_heart
203338.jpg,blast
202492.jpg,normal
201622.jpg,hispa
200989.jpg,hispa
200271.jpg,tungro
200629.jpg,blast
202424.jpg,normal
200177.jpg,bacterial_leaf_blight
203371.jpg,downy_mildew
202496.jpg,blast
200130.jpg,bacterial_panicle_blight
202886.jpg,dead_heart
201630.jpg,brown_spot
200513.jpg,normal
201822.jpg,brown_spot
201902.jpg,hispa
203046.jpg,tungro
202390.jpg,hispa
201877.jpg,blast
202728.jpg,brown_spot
200204.jpg,downy_mildew
202462.jpg,bacterial_leaf_streak
202829.jpg,hispa
201036.jpg,downy_mildew
200339.jpg,dead_heart
201890.jpg,bacterial_leaf_streak
200982.jpg,tungro
202449.jpg,bacterial_leaf_streak
201980.jpg,blast
202543.jpg,blast
200789.jpg,blast
201460.jpg,blast
200709.jpg,dead_heart
202569.jpg,downy_mildew
202304.jpg,hispa
202675.jpg,blast
203060.jpg,normal
202575.jpg,brown_spot
200609.jpg,normal
202877.jpg,bacterial_leaf_blight
201293.jpg,dead_heart
203403.jpg,tungro
201732.jpg,tungro
202335.jpg,normal
202103.jpg,normal
200499.jpg,dead_heart
200946.jpg,downy_mildew
201792.jpg,tungro
202249.jpg,tungro
202812.jpg,blast
201268.jpg,tungro
200180.jpg,tungro
202229.jpg,blast
200556.jpg,bacterial_panicle_blight
201795.jpg,blast
203262.jpg,blast
201135.jpg,blast
201740.jpg,blast
202862.jpg,blast
201349.jpg,hispa
200755.jpg,bacterial_panicle_blight
203375.jpg,tungro
202052.jpg,brown_spot
202467.jpg,brown_spot
202627.jpg,normal
203367.jpg,hispa
202662.jpg,normal
202825.jpg,hispa
203116.jpg,brown_spot
202603.jpg,downy_mildew
200719.jpg,normal
200801.jpg,hispa
202182.jpg,blast
200342.jpg,bacterial_leaf_streak
202380.jpg,blast
202607.jpg,hispa
201861.jpg,normal
202258.jpg,hispa
201618.jpg,blast
201145.jpg,blast
202216.jpg,blast
202388.jpg,normal
203034.jpg,hispa
201508.jpg,normal
202028.jpg,dead_heart
200974.jpg,hispa
201245.jpg,blast
202468.jpg,tungro
201067.jpg,normal
201402.jpg,brown_spot
201387.jpg,normal
200904.jpg,bacterial_panicle_blight
202855.jpg,bacterial_leaf_blight
201909.jpg,normal
202628.jpg,hispa
200398.jpg,blast
203241.jpg,blast
200871.jpg,tungro
200170.jpg,brown_spot
202123.jpg,normal
203198.jpg,normal
203080.jpg,normal
202590.jpg,brown_spot
202340.jpg,blast
201069.jpg,normal
200294.jpg,hispa
201611.jpg,normal
203451.jpg,brown_spot
203443.jpg,tungro
203260.jpg,hispa
202143.jpg,bacterial_leaf_streak
201720.jpg,tungro
202998.jpg,dead_heart
200978.jpg,bacterial_leaf_blight
202019.jpg,normal
201499.jpg,normal
201155.jpg,dead_heart
202184.jpg,downy_mildew
201481.jpg,bacterial_leaf_streak
200017.jpg,tungro
202714.jpg,downy_mildew
200963.jpg,blast
203146.jpg,hispa
200613.jpg,tungro
202200.jpg,dead_heart
202884.jpg,dead_heart
203100.jpg,tungro
202671.jpg,hispa
201491.jpg,tungro
202061.jpg,normal
203234.jpg,hispa
201255.jpg,hispa
202996.jpg,downy_mildew
202864.jpg,tungro
201633.jpg,hispa
202853.jpg,dead_heart
201789.jpg,blast
200733.jpg,blast
200986.jpg,brown_spot
201474.jpg,hispa
202168.jpg,blast
200707.jpg,tungro
203193.jpg,hispa
200313.jpg,normal
200816.jpg,blast
200102.jpg,hispa
201688.jpg,hispa
200425.jpg,normal
200960.jpg,dead_heart
201615.jpg,hispa
202275.jpg,bacterial_leaf_blight
201123.jpg,tungro
200275.jpg,normal
203038.jpg,dead_heart
201637.jpg,tungro
202988.jpg,dead_heart
203366.jpg,dead_heart
201080.jpg,blast
202490.jpg,normal
203362.jpg,normal
200652.jpg,brown_spot
203087.jpg,dead_heart
202747.jpg,normal
200691.jpg,dead_heart
200356.jpg,blast
200757.jpg,normal
201487.jpg,tungro
201396.jpg,blast
201043.jpg,tungro
201749.jpg,downy_mildew
203194.jpg,normal
203134.jpg,hispa
203229.jpg,brown_spot
202773.jpg,normal
202611.jpg,hispa
202158.jpg,hispa
200308.jpg,normal
203236.jpg,dead_heart
200570.jpg,bacterial_leaf_blight
200898.jpg,downy_mildew
201327.jpg,dead_heart
200473.jpg,normal
201265.jpg,blast
201261.jpg,hispa
202784.jpg,normal
200210.jpg,tungro
200553.jpg,bacterial_leaf_streak
202334.jpg,tungro
201046.jpg,dead_heart
200792.jpg,dead_heart
200858.jpg,tungro
201300.jpg,dead_heart
203158.jpg,downy_mildew
203437.jpg,hispa
200175.jpg,dead_heart
200772.jpg,bacterial_panicle_blight
201193.jpg,blast
200648.jpg,downy_mildew
201009.jpg,brown_spot
201233.jpg,dead_heart
200068.jpg,bacterial_leaf_streak
202831.jpg,normal
200688.jpg,bacterial_leaf_blight
200619.jpg,tungro
200031.jpg,hispa
201521.jpg,downy_mildew
200178.jpg,tungro
201128.jpg,tungro
202770.jpg,blast
203249.jpg,normal
202214.jpg,bacterial_leaf_blight
201267.jpg,blast
203289.jpg,blast
201424.jpg,normal
202694.jpg,hispa
202395.jpg,bacterial_leaf_streak
200597.jpg,normal
202955.jpg,hispa
201929.jpg,hispa
201282.jpg,dead_heart
200074.jpg,downy_mildew
200712.jpg,hispa
202322.jpg,brown_spot
201280.jpg,hispa
202500.jpg,hispa
201768.jpg,dead_heart
200754.jpg,brown_spot
202556.jpg,hispa
202925.jpg,dead_heart
201351.jpg,hispa
203266.jpg,brown_spot
200967.jpg,bacterial_leaf_streak
200958.jpg,tungro
200389.jpg,dead_heart
200954.jpg,hispa
202329.jpg,normal
201183.jpg,blast
202039.jpg,blast
201196.jpg,normal
200002.jpg,normal
200535.jpg,hispa
201654.jpg,blast
200928.jpg,blast
201079.jpg,bacterial_leaf_streak
201814.jpg,bacterial_leaf_streak
203002.jpg,normal
203020.jpg,bacterial_leaf_blight
201728.jpg,blast
200693.jpg,blast
203072.jpg,tungro
202213.jpg,downy_mildew
201314.jpg,brown_spot
200013.jpg,normal
202137.jpg,tungro
201113.jpg,hispa
202515.jpg,blast
202427.jpg,blast
201238.jpg,tungro
200023.jpg,bacterial_leaf_blight
201412.jpg,bacterial_leaf_blight
200595.jpg,blast
201198.jpg,tungro
201692.jpg,bacterial_leaf_blight
200822.jpg,bacterial_leaf_blight
202580.jpg,normal
202436.jpg,normal
201881.jpg,brown_spot
201392.jpg,hispa
201140.jpg,normal
201848.jpg,blast
200969.jpg,blast
200528.jpg,dead_heart
200386.jpg,normal
203422.jpg,normal
202679.jpg,tungro
200006.jpg,brown_spot
202918.jpg,hispa
202018.jpg,blast
202464.jpg,dead_heart
201791.jpg,hispa
202208.jpg,tungro
200362.jpg,dead_heart
203052.jpg,blast
200842.jpg,dead_heart
203390.jpg,normal
202230.jpg,bacterial_panicle_blight
201114.jpg,brown_spot
202664.jpg,bacterial_leaf_streak
201210.jpg,normal
202856.jpg,tungro
203270.jpg,brown_spot
201845.jpg,hispa
200820.jpg,brown_spot
202844.jpg,blast
201414.jpg,brown_spot
200594.jpg,dead_heart
202982.jpg,tungro
202803.jpg,dead_heart
202132.jpg,blast
202301.jpg,hispa
200774.jpg,normal
202600.jpg,tungro
200998.jpg,hispa
202704.jpg,bacterial_leaf_streak
200732.jpg,normal
200734.jpg,dead_heart
200632.jpg,dead_heart
202077.jpg,hispa
201241.jpg,downy_mildew
200189.jpg,dead_heart
202129.jpg,normal
200474.jpg,hispa
202491.jpg,tungro
202762.jpg,blast
200331.jpg,normal
202960.jpg,hispa
200981.jpg,bacterial_panicle_blight
200436.jpg,downy_mildew
201927.jpg,bacterial_leaf_streak
202989.jpg,bacterial_leaf_blight
203340.jpg,brown_spot
201667.jpg,normal
200383.jpg,normal
202901.jpg,dead_heart
202520.jpg,normal
200404.jpg,hispa
202717.jpg,tungro
201197.jpg,bacterial_leaf_streak
203343.jpg,bacterial_panicle_blight
203103.jpg,brown_spot
203373.jpg,blast
200268.jpg,hispa
203161.jpg,blast
202792.jpg,brown_spot
200929.jpg,brown_spot
201008.jpg,dead_heart
201142.jpg,normal
201950.jpg,bacterial_panicle_blight
201601.jpg,bacterial_leaf_blight
202550.jpg,blast
201684.jpg,bacterial_leaf_blight
202313.jpg,tungro
203283.jpg,normal
201136.jpg,dead_heart
202507.jpg,brown_spot
201571.jpg,bacterial_leaf_blight
200870.jpg,normal
200165.jpg,hispa
202358.jpg,downy_mildew
202418.jpg,dead_heart
201516.jpg,blast
202050.jpg,normal
201931.jpg,tungro
200876.jpg,downy_mildew
201598.jpg,hispa
201946.jpg,tungro
200311.jpg,normal
200844.jpg,tungro
201467.jpg,downy_mildew
201551.jpg,hispa
201166.jpg,dead_heart
203392.jpg,blast
203352.jpg,blast
202914.jpg,blast
200965.jpg,blast
200902.jpg,hispa
201358.jpg,brown_spot
202066.jpg,tungro
200417.jpg,brown_spot
202944.jpg,blast
202256.jpg,tungro
202212.jpg,dead_heart
202456.jpg,brown_spot
200215.jpg,blast
202693.jpg,dead_heart
200694.jpg,brown_spot
202722.jpg,normal
200745.jpg,downy_mildew
202344.jpg,dead_heart
201359.jpg,hispa
201203.jpg,normal
202439.jpg,brown_spot
202795.jpg,blast
200938.jpg,blast
202522.jpg,hispa
202443.jpg,bacterial_leaf_blight
202571.jpg,dead_heart
200470.jpg,hispa
201525.jpg,normal
200122.jpg,blast
201243.jpg,normal
201871.jpg,bacterial_leaf_blight
200113.jpg,normal
202652.jpg,downy_mildew
202750.jpg,blast
202997.jpg,normal
201879.jpg,hispa
201831.jpg,bacterial_panicle_blight
202071.jpg,bacterial_leaf_streak
201357.jpg,bacterial_panicle_blight
200325.jpg,tungro
202087.jpg,hispa
201010.jpg,blast
203009.jpg,hispa
202475.jpg,blast
200748.jpg,downy_mildew
201301.jpg,hispa
203337.jpg,dead_heart
201307.jpg,blast
200803.jpg,dead_heart
202389.jpg,blast
201239.jpg,normal
201273.jpg,blast
200615.jpg,bacterial_leaf_blight
202133.jpg,hispa
201614.jpg,hispa
202407.jpg,normal
200763.jpg,downy_mildew
203064.jpg,hispa
201294.jpg,normal
200027.jpg,blast
203419.jpg,bacterial_leaf_blight
200269.jpg,hispa
200182.jpg,downy_mildew
201600.jpg,dead_heart
200677.jpg,normal
203005.jpg,dead_heart
200414.jpg,dead_heart
200239.jpg,hispa
201130.jpg,normal
203290.jpg,hispa
202798.jpg,normal
201964.jpg,normal
202535.jpg,bacterial_leaf_blight
200628.jpg,dead_heart
200659.jpg,hispa
202252.jpg,hispa
200059.jpg,bacterial_leaf_blight
200554.jpg,hispa
200418.jpg,hispa
200630.jpg,bacterial_leaf_blight
203280.jpg,tungro
202347.jpg,hispa
202234.jpg,tungro
201921.jpg,downy_mildew
200821.jpg,normal
202005.jpg,brown_spot
201838.jpg,normal
201586.jpg,bacterial_leaf_streak
200419.jpg,normal
201737.jpg,hispa
203091.jpg,dead_heart
203257.jpg,tungro
201804.jpg,bacterial_leaf_blight
202857.jpg,hispa
202842.jpg,downy_mildew
202411.jpg,downy_mildew
202818.jpg,dead_heart
202295.jpg,tungro
203268.jpg,normal
202114.jpg,downy_mildew
200510.jpg,tungro
201738.jpg,normal
202927.jpg,dead_heart
201579.jpg,brown_spot
200885.jpg,hispa
203369.jpg,bacterial_panicle_blight
202179.jpg,hispa
201612.jpg,bacterial_panicle_blight
200169.jpg,tungro
200225.jpg,hispa
202188.jpg,blast
201040.jpg,brown_spot
202107.jpg,brown_spot
202408.jpg,dead_heart
201494.jpg,tungro
202180.jpg,normal
201242.jpg,normal
202126.jpg,dead_heart
201991.jpg,blast
201167.jpg,blast
201954.jpg,hispa
201896.jpg,bacterial_leaf_blight
202863.jpg,tungro
201936.jpg,tungro
202421.jpg,hispa
201266.jpg,normal
201436.jpg,hispa
201318.jpg,downy_mildew
200612.jpg,normal
202122.jpg,downy_mildew
202328.jpg,tungro
201947.jpg,dead_heart
203292.jpg,normal
201191.jpg,blast
201874.jpg,dead_heart
202360.jpg,blast
200610.jpg,normal
202983.jpg,blast
202193.jpg,normal
203051.jpg,brown_spot
202837.jpg,hispa
200697.jpg,bacterial_leaf_blight
200365.jpg,normal
202001.jpg,normal
201225.jpg,tungro
202579.jpg,tungro
200455.jpg,hispa
203204.jpg,normal
200854.jpg,dead_heart
201304.jpg,bacterial_panicle_blight
202136.jpg,dead_heart
203090.jpg,downy_mildew
200920.jpg,downy_mildew
200267.jpg,tungro
200161.jpg,tungro
202828.jpg,normal
201619.jpg,normal
201953.jpg,dead_heart
201244.jpg,normal
202006.jpg,hispa
201033.jpg,normal
201032.jpg,downy_mildew
202044.jpg,bacterial_panicle_blight
202568.jpg,dead_heart
200704.jpg,bacterial_leaf_blight
202420.jpg,tungro
203111.jpg,normal
201538.jpg,brown_spot
202533.jpg,normal
200894.jpg,blast
200922.jpg,blast
201385.jpg,blast
200911.jpg,bacterial_leaf_streak
201675.jpg,downy_mildew
203068.jpg,hispa
202796.jpg,downy_mildew
203098.jpg,tungro
200645.jpg,tungro
200678.jpg,hispa
200951.jpg,hispa
202653.jpg,normal
202896.jpg,dead_heart
200069.jpg,dead_heart
201270.jpg,bacterial_leaf_blight
201777.jpg,bacterial_leaf_streak
200517.jpg,normal
202973.jpg,downy_mildew
202760.jpg,hispa
201520.jpg,bacterial_leaf_blight
203010.jpg,blast
201083.jpg,blast
202866.jpg,tungro
201793.jpg,dead_heart
203126.jpg,normal
203191.jpg,dead_heart
202903.jpg,normal
201177.jpg,normal
202435.jpg,blast
201459.jpg,blast
201847.jpg,dead_heart
202326.jpg,dead_heart
200381.jpg,normal
203303.jpg,dead_heart
201513.jpg,brown_spot
202623.jpg,brown_spot
202806.jpg,normal
202371.jpg,bacterial_leaf_blight
200281.jpg,brown_spot
202613.jpg,dead_heart
203186.jpg,blast
200022.jpg,hispa
200637.jpg,tungro
200349.jpg,tungro
201479.jpg,dead_heart
203166.jpg,hispa
201120.jpg,blast
203361.jpg,hispa
201937.jpg,hispa
202684.jpg,normal
200773.jpg,bacterial_leaf_streak
200078.jpg,normal
201671.jpg,tungro
201731.jpg,blast
201856.jpg,dead_heart
201223.jpg,dead_heart
202674.jpg,dead_heart
202017.jpg,blast
202621.jpg,blast
200051.jpg,blast
201570.jpg,normal
202513.jpg,tungro
203085.jpg,hispa
201087.jpg,dead_heart
200686.jpg,tungro
202000.jpg,hispa
200252.jpg,brown_spot
200970.jpg,bacterial_leaf_blight
202981.jpg,dead_heart
202221.jpg,hispa
201192.jpg,tungro
201347.jpg,normal
200767.jpg,blast
201870.jpg,tungro
202446.jpg,hispa
203185.jpg,brown_spot
202994.jpg,blast
203458.jpg,blast
201564.jpg,brown_spot
200357.jpg,bacterial_leaf_streak
202033.jpg,tungro
200856.jpg,blast
200923.jpg,normal
202971.jpg,dead_heart
200840.jpg,tungro
201209.jpg,blast
203073.jpg,hispa
202657.jpg,dead_heart
201139.jpg,brown_spot
203023.jpg,hispa
201072.jpg,downy_mildew
200565.jpg,tungro
200039.jpg,dead_heart
201780.jpg,normal
202199.jpg,blast
200682.jpg,normal
200759.jpg,blast
200869.jpg,hispa
201450.jpg,normal
201428.jpg,normal
200374.jpg,blast
200282.jpg,normal
201596.jpg,normal
202680.jpg,blast
200847.jpg,bacterial_panicle_blight
200596.jpg,tungro
202453.jpg,normal
201885.jpg,dead_heart
202288.jpg,brown_spot
203217.jpg,blast
203354.jpg,blast
203264.jpg,normal
201853.jpg,hispa
201905.jpg,brown_spot
200477.jpg,blast
200721.jpg,downy_mildew
202769.jpg,hispa
201286.jpg,hispa
201756.jpg,downy_mildew
200255.jpg,blast
203433.jpg,dead_heart
201204.jpg,hispa
200582.jpg,normal
202729.jpg,hispa
203394.jpg,normal
203304.jpg,blast
200622.jpg,dead_heart
200592.jpg,normal
201982.jpg,dead_heart
202799.jpg,bacterial_leaf_blight
201556.jpg,tungro
200635.jpg,normal
202082.jpg,dead_heart
200523.jpg,hispa
200347.jpg,hispa
200509.jpg,tungro
203245.jpg,blast
201078.jpg,downy_mildew
203408.jpg,hispa
200739.jpg,downy_mildew
201834.jpg,brown_spot
200558.jpg,blast
202508.jpg,downy_mildew
201360.jpg,normal
201389.jpg,blast
202189.jpg,blast
203453.jpg,downy_mildew
201017.jpg,hispa
203079.jpg,hispa
201433.jpg,dead_heart
201524.jpg,brown_spot
202272.jpg,brown_spot
203078.jpg,blast
201544.jpg,bacterial_panicle_blight
201661.jpg,blast
203124.jpg,tungro
201640.jpg,dead_heart
200236.jpg,dead_heart
201355.jpg,bacterial_leaf_blight
200604.jpg,normal
200253.jpg,blast
202422.jpg,blast
203112.jpg,dead_heart
200598.jpg,dead_heart
202487.jpg,hispa
203425.jpg,normal
200950.jpg,blast
201026.jpg,downy_mildew
200231.jpg,brown_spot
200166.jpg,dead_heart
200089.jpg,tungro
201129.jpg,blast
201515.jpg,brown_spot
200066.jpg,tungro
202225.jpg,blast
202648.jpg,blast
202008.jpg,normal
201769.jpg,dead_heart
200752.jpg,bacterial_leaf_blight
200715.jpg,tungro
200468.jpg,brown_spot
200810.jpg,bacterial_leaf_blight
202401.jpg,blast
201073.jpg,blast
201668.jpg,normal
202098.jpg,normal
202009.jpg,hispa
200197.jpg,normal
201099.jpg,brown_spot
203040.jpg,bacterial_leaf_streak
201189.jpg,brown_spot
200413.jpg,hispa
201533.jpg,bacterial_panicle_blight
200722.jpg,normal
201940.jpg,tungro
200428.jpg,downy_mildew
200941.jpg,blast
202727.jpg,bacterial_panicle_blight
201965.jpg,hispa
201641.jpg,blast
201346.jpg,brown_spot
201102.jpg,dead_heart
202670.jpg,dead_heart
203339.jpg,hispa
201994.jpg,hispa
202940.jpg,dead_heart
202554.jpg,bacterial_leaf_streak
201974.jpg,hispa
202860.jpg,normal
201895.jpg,normal
201475.jpg,hispa
203322.jpg,hispa
202438.jpg,hispa
202772.jpg,blast
200434.jpg,bacterial_leaf_blight
201821.jpg,bacterial_leaf_blight
201645.jpg,hispa
200173.jpg,normal
201249.jpg,hispa
202951.jpg,bacterial_panicle_blight
201712.jpg,bacterial_panicle_blight
200948.jpg,blast
200617.jpg,hispa
201303.jpg,blast
202276.jpg,tungro
202851.jpg,tungro
201810.jpg,normal
201963.jpg,blast
202557.jpg,downy_mildew
202790.jpg,tungro
201558.jpg,normal
200877.jpg,tungro
200366.jpg,blast
201858.jpg,normal
202341.jpg,bacterial_leaf_streak
202635.jpg,dead_heart
202197.jpg,hispa
203325.jpg,normal
203041.jpg,tungro
203105.jpg,normal
202718.jpg,dead_heart
200544.jpg,hispa
200848.jpg,normal
201706.jpg,brown_spot
201543.jpg,normal
202849.jpg,normal
202761.jpg,blast
200796.jpg,normal
202416.jpg,normal
200769.jpg,normal
202431.jpg,bacterial_leaf_blight
202957.jpg,normal
201075.jpg,brown_spot
202597.jpg,normal
202264.jpg,blast
200105.jpg,normal
200907.jpg,normal
202196.jpg,brown_spot
202551.jpg,hispa
203089.jpg,hispa
202512.jpg,blast
201832.jpg,dead_heart
201485.jpg,dead_heart
200943.jpg,hispa
203448.jpg,brown_spot
201339.jpg,tungro
202937.jpg,dead_heart
202075.jpg,bacterial_panicle_blight
202811.jpg,blast
201434.jpg,hispa
202115.jpg,normal
201464.jpg,dead_heart
202895.jpg,downy_mildew
201865.jpg,blast
201857.jpg,hispa
201121.jpg,bacterial_leaf_blight
200224.jpg,normal
202696.jpg,hispa
201334.jpg,downy_mildew
202661.jpg,downy_mildew
201908.jpg,hispa
201555.jpg,blast
201583.jpg,brown_spot
200183.jpg,normal
202237.jpg,blast
203434.jpg,tungro
202990.jpg,hispa
203387.jpg,blast
202161.jpg,dead_heart
201299.jpg,tungro
202528.jpg,normal
200819.jpg,brown_spot
201498.jpg,hispa
201726.jpg,tungro
203363.jpg,tungro
201302.jpg,brown_spot
200750.jpg,bacterial_leaf_blight
202235.jpg,blast
201376.jpg,blast
201876.jpg,blast
201678.jpg,normal
200887.jpg,dead_heart
201762.jpg,bacterial_leaf_blight
201228.jpg,blast
202274.jpg,hispa
202631.jpg,hispa
201364.jpg,bacterial_panicle_blight
200666.jpg,hispa
202425.jpg,blast
202349.jpg,brown_spot
200007.jpg,dead_heart
200863.jpg,dead_heart
201910.jpg,tungro
200159.jpg,normal
200412.jpg,tungro
203415.jpg,hispa
202775.jpg,blast
202002.jpg,blast
201403.jpg,blast
200649.jpg,hispa
200139.jpg,blast
201758.jpg,tungro
201901.jpg,blast
200315.jpg,blast
202362.jpg,bacterial_leaf_streak
203076.jpg,blast
201542.jpg,brown_spot
202124.jpg,normal
201187.jpg,normal
200384.jpg,bacterial_leaf_blight
202604.jpg,blast
200309.jpg,hispa
200915.jpg,normal
202353.jpg,hispa
201006.jpg,normal
200955.jpg,hispa
202027.jpg,bacterial_leaf_blight
203365.jpg,normal
201581.jpg,tungro
201753.jpg,normal
202776.jpg,blast
201574.jpg,bacterial_leaf_streak
202609.jpg,hispa
200921.jpg,normal
200464.jpg,hispa
202876.jpg,normal
200053.jpg,bacterial_leaf_blight
202215.jpg,hispa
202746.jpg,normal
201698.jpg,dead_heart
201260.jpg,hispa
200912.jpg,dead_heart
201060.jpg,bacterial_leaf_blight
202207.jpg,blast
200889.jpg,downy_mildew
203136.jpg,hispa
203061.jpg,hispa
201466.jpg,tungro
200127.jpg,blast
200111.jpg,hispa
200775.jpg,hispa
202488.jpg,normal
200601.jpg,dead_heart
203121.jpg,hispa
201723.jpg,tungro
201409.jpg,dead_heart
201962.jpg,tungro
201095.jpg,blast
202826.jpg,dead_heart
201787.jpg,blast
202049.jpg,hispa
203321.jpg,bacterial_leaf_blight
202963.jpg,dead_heart
200207.jpg,bacterial_leaf_streak
202470.jpg,hispa
203414.jpg,blast
203123.jpg,hispa
202242.jpg,hispa
201231.jpg,dead_heart
201247.jpg,blast
200289.jpg,blast
202708.jpg,dead_heart
201725.jpg,blast
202618.jpg,brown_spot
201670.jpg,hispa
201380.jpg,normal
201059.jpg,bacterial_leaf_blight
201743.jpg,bacterial_leaf_streak
200850.jpg,dead_heart
200489.jpg,normal
203054.jpg,normal
201979.jpg,tungro
203179.jpg,dead_heart
200232.jpg,normal
200884.jpg,tungro
203398.jpg,hispa
202495.jpg,blast
202578.jpg,tungro
201367.jpg,blast
201003.jpg,tungro
202271.jpg,tungro
200546.jpg,normal
201948.jpg,bacterial_leaf_streak
200108.jpg,tungro
202573.jpg,blast
203175.jpg,normal
200555.jpg,hispa
202894.jpg,normal
203223.jpg,downy_mildew
200708.jpg,hispa
202413.jpg,dead_heart
203382.jpg,bacterial_leaf_streak
201047.jpg,blast
202953.jpg,bacterial_panicle_blight
202890.jpg,normal
200352.jpg,blast
202084.jpg,dead_heart
200187.jpg,hispa
200084.jpg,dead_heart
203456.jpg,tungro
200667.jpg,blast
200627.jpg,bacterial_leaf_blight
203070.jpg,blast
200004.jpg,blast
203258.jpg,blast
202448.jpg,tungro
202024.jpg,brown_spot
201441.jpg,dead_heart
201350.jpg,tungro
201373.jpg,bacterial_panicle_blight
201903.jpg,tungro
202868.jpg,bacterial_leaf_blight
203162.jpg,dead_heart
202555.jpg,blast
202070.jpg,normal
201537.jpg,brown_spot
200650.jpg,dead_heart
202482.jpg,bacterial_leaf_blight
202949.jpg,brown_spot
200446.jpg,blast
202804.jpg,hispa
200148.jpg,blast
202673.jpg,blast
202532.jpg,brown_spot
200395.jpg,hispa
202731.jpg,dead_heart
202299.jpg,brown_spot
203055.jpg,hispa
202346.jpg,hispa
201407.jpg,brown_spot
201250.jpg,bacterial_leaf_blight
203004.jpg,tungro
203019.jpg,hispa
202394.jpg,tungro
201015.jpg,normal
202226.jpg,blast
203171.jpg,bacterial_panicle_blight
201319.jpg,dead_heart
202048.jpg,dead_heart
200997.jpg,dead_heart
201648.jpg,tungro
200799.jpg,dead_heart
200835.jpg,normal
201417.jpg,hispa
200507.jpg,blast
202374.jpg,dead_heart
201944.jpg,bacterial_leaf_streak
201020.jpg,downy_mildew
201682.jpg,blast
202716.jpg,hispa
200791.jpg,normal
201993.jpg,hispa
202155.jpg,dead_heart
201335.jpg,blast
200106.jpg,blast
201419.jpg,blast
202511.jpg,downy_mildew
203225.jpg,brown_spot
200283.jpg,brown_spot
202086.jpg,normal
202100.jpg,brown_spot
202339.jpg,downy_mildew
200605.jpg,dead_heart
201647.jpg,tungro
200099.jpg,dead_heart
200041.jpg,tungro
202205.jpg,normal
201722.jpg,blast
202211.jpg,normal
200465.jpg,brown_spot
202667.jpg,dead_heart
200192.jpg,normal
203022.jpg,normal
200303.jpg,hispa
203250.jpg,tungro
200452.jpg,brown_spot
202738.jpg,normal
202521.jpg,dead_heart
200104.jpg,downy_mildew
201480.jpg,blast
200149.jpg,dead_heart
202365.jpg,blast
202926.jpg,dead_heart
201686.jpg,blast
200925.jpg,bacterial_leaf_streak
201575.jpg,brown_spot
200636.jpg,downy_mildew
200343.jpg,tungro
200845.jpg,bacterial_leaf_blight
200949.jpg,normal
201004.jpg,normal
201472.jpg,normal
203049.jpg,hispa
200692.jpg,dead_heart
200075.jpg,dead_heart
200873.jpg,tungro
201163.jpg,hispa
201862.jpg,dead_heart
201590.jpg,downy_mildew
201576.jpg,brown_spot
201981.jpg,tungro
201897.jpg,normal
201560.jpg,blast
202047.jpg,tungro
200541.jpg,bacterial_leaf_blight
201568.jpg,hispa
201958.jpg,normal
202782.jpg,tungro
202931.jpg,downy_mildew
203132.jpg,hispa
201755.jpg,bacterial_leaf_blight
200116.jpg,hispa
202350.jpg,dead_heart
201161.jpg,blast
202899.jpg,blast
201595.jpg,blast
201632.jpg,hispa
200242.jpg,brown_spot
202595.jpg,hispa
200896.jpg,normal
200350.jpg,blast
202058.jpg,tungro
203417.jpg,normal
202565.jpg,brown_spot
203356.jpg,tungro
202725.jpg,hispa
201493.jpg,tungro
202489.jpg,dead_heart
201028.jpg,tungro
201070.jpg,hispa
203360.jpg,normal
202552.jpg,bacterial_leaf_blight
202719.jpg,blast
200001.jpg,hispa
202375.jpg,normal
200421.jpg,tungro
203215.jpg,bacterial_panicle_blight
201808.jpg,bacterial_panicle_blight
200505.jpg,hispa
201495.jpg,bacterial_leaf_blight
202174.jpg,normal
203214.jpg,hispa
200020.jpg,dead_heart
202210.jpg,normal
202111.jpg,normal
200029.jpg,dead_heart
203212.jpg,downy_mildew
203183.jpg,hispa
201454.jpg,blast
203350.jpg,normal
200642.jpg,dead_heart
203355.jpg,normal
200527.jpg,bacterial_panicle_blight
200083.jpg,bacterial_panicle_blight
202106.jpg,blast
203447.jpg,normal
200702.jpg,tungro
201949.jpg,normal
201591.jpg,bacterial_leaf_blight
200240.jpg,brown_spot
202259.jpg,dead_heart
201194.jpg,hispa
202035.jpg,tungro
202069.jpg,bacterial_leaf_blight
202405.jpg,dead_heart
200548.jpg,downy_mildew
201506.jpg,dead_heart
203335.jpg,blast
200359.jpg,normal
202240.jpg,normal
201234.jpg,hispa
202141.jpg,brown_spot
202749.jpg,hispa
200472.jpg,hispa
200993.jpg,tungro
201298.jpg,dead_heart
201846.jpg,normal
202345.jpg,tungro
202231.jpg,hispa
200285.jpg,brown_spot
200727.jpg,tungro
203379.jpg,dead_heart
200984.jpg,bacterial_leaf_blight
203357.jpg,downy_mildew
203243.jpg,brown_spot
201011.jpg,normal
200882.jpg,normal
202040.jpg,normal
202840.jpg,dead_heart
202706.jpg,bacterial_leaf_streak
203182.jpg,hispa
200852.jpg,normal
202246.jpg,blast
203101.jpg,normal
200479.jpg,normal
202149.jpg,normal
200744.jpg,blast
202898.jpg,brown_spot
200676.jpg,dead_heart
202916.jpg,blast
203246.jpg,normal
200497.jpg,normal
202023.jpg,normal
201702.jpg,bacterial_leaf_streak
203271.jpg,hispa
200735.jpg,tungro
203196.jpg,blast
202068.jpg,hispa
203224.jpg,blast
201117.jpg,downy_mildew
202516.jpg,blast
202544.jpg,hispa
201800.jpg,downy_mildew
201517.jpg,blast
200375.jpg,blast
202469.jpg,downy_mildew
203269.jpg,normal
200471.jpg,bacterial_leaf_blight
200897.jpg,normal
202908.jpg,normal
201977.jpg,hispa
202020.jpg,blast
203278.jpg,tungro
202599.jpg,downy_mildew
202323.jpg,normal
201235.jpg,normal
201866.jpg,normal
201018.jpg,brown_spot
200457.jpg,hispa
200297.jpg,blast
200758.jpg,bacterial_panicle_blight
202444.jpg,hispa
200451.jpg,dead_heart
202941.jpg,brown_spot
202893.jpg,bacterial_leaf_streak
200461.jpg,brown_spot
202655.jpg,brown_spot
200249.jpg,bacterial_panicle_blight
201149.jpg,tungro
200875.jpg,normal
200862.jpg,normal
201760.jpg,bacterial_leaf_streak
200422.jpg,hispa
200581.jpg,blast
201676.jpg,tungro
202154.jpg,dead_heart
200655.jpg,brown_spot
202816.jpg,normal
200012.jpg,hispa
202217.jpg,normal
200525.jpg,blast
200096.jpg,downy_mildew
202298.jpg,normal
202296.jpg,hispa
200408.jpg,dead_heart
202110.jpg,blast
202441.jpg,hispa
202250.jpg,brown_spot
200836.jpg,hispa
200354.jpg,downy_mildew
200589.jpg,normal
200153.jpg,downy_mildew
201812.jpg,dead_heart
200493.jpg,dead_heart
201399.jpg,bacterial_panicle_blight
200484.jpg,tungro
200280.jpg,hispa
200038.jpg,tungro
200664.jpg,brown_spot
202255.jpg,dead_heart
202737.jpg,bacterial_leaf_blight
201988.jpg,hispa
201794.jpg,tungro
202429.jpg,bacterial_leaf_blight
201945.jpg,blast
201484.jpg,dead_heart
200927.jpg,tungro
202457.jpg,hispa
201763.jpg,downy_mildew
202697.jpg,tungro
200620.jpg,bacterial_leaf_streak
200787.jpg,tungro
201148.jpg,bacterial_leaf_blight
200867.jpg,tungro
202700.jpg,hispa
200780.jpg,dead_heart
200861.jpg,bacterial_leaf_blight
201602.jpg,downy_mildew
203412.jpg,hispa
201252.jpg,hispa
200495.jpg,tungro
201825.jpg,hispa
202972.jpg,bacterial_leaf_streak
201548.jpg,tungro
202705.jpg,bacterial_panicle_blight
202269.jpg,normal
201308.jpg,dead_heart
202691.jpg,bacterial_leaf_streak
201435.jpg,dead_heart
200129.jpg,blast
202800.jpg,hispa
200246.jpg,blast
203122.jpg,bacterial_panicle_blight
202172.jpg,normal
202485.jpg,downy_mildew
201486.jpg,tungro
200618.jpg,hispa
201451.jpg,dead_heart
202992.jpg,dead_heart
201666.jpg,bacterial_panicle_blight
203267.jpg,bacterial_panicle_blight
202286.jpg,dead_heart
203011.jpg,dead_heart
203164.jpg,dead_heart
203320.jpg,hispa
202514.jpg,normal
202409.jpg,brown_spot
203199.jpg,hispa
200631.jpg,downy_mildew
200125.jpg,blast
202930.jpg,dead_heart
200329.jpg,dead_heart
202859.jpg,normal
201463.jpg,tungro
202170.jpg,normal
200751.jpg,bacterial_leaf_streak
201151.jpg,blast
201186.jpg,downy_mildew
202630.jpg,downy_mildew
201253.jpg,dead_heart
203287.jpg,normal
200064.jpg,tungro
201218.jpg,hispa
200823.jpg,bacterial_leaf_blight
200054.jpg,normal
203192.jpg,blast
200186.jpg,blast
202861.jpg,bacterial_panicle_blight
201562.jpg,hispa
201639.jpg,bacterial_leaf_streak
203097.jpg,blast
200120.jpg,normal
202121.jpg,hispa
200400.jpg,normal
201216.jpg,tungro
203429.jpg,normal
201257.jpg,bacterial_leaf_blight
203210.jpg,downy_mildew
202025.jpg,dead_heart
202472.jpg,normal
200382.jpg,normal
201115.jpg,downy_mildew
201291.jpg,tungro
202363.jpg,dead_heart
200334.jpg,brown_spot
202432.jpg,bacterial_leaf_blight
202063.jpg,blast
202074.jpg,normal
201582.jpg,normal
201240.jpg,bacterial_leaf_streak
201277.jpg,dead_heart
200346.jpg,brown_spot
202320.jpg,normal
200174.jpg,hispa
202043.jpg,tungro
201532.jpg,hispa
201995.jpg,brown_spot
202822.jpg,downy_mildew
201057.jpg,downy_mildew
201391.jpg,brown_spot
203150.jpg,normal
202632.jpg,dead_heart
200409.jpg,brown_spot
202622.jpg,dead_heart
200756.jpg,bacterial_panicle_blight
200684.jpg,normal
203177.jpg,brown_spot
202384.jpg,normal
200016.jpg,blast
200256.jpg,blast
201430.jpg,brown_spot
202542.jpg,downy_mildew
200490.jpg,downy_mildew
202011.jpg,blast
200795.jpg,normal
203310.jpg,dead_heart
201405.jpg,bacterial_leaf_streak
201889.jpg,hispa
200337.jpg,normal
200114.jpg,hispa
202875.jpg,dead_heart
203467.jpg,normal
202807.jpg,bacterial_leaf_blight
201256.jpg,tungro
203378.jpg,normal
200746.jpg,normal
200545.jpg,dead_heart
202584.jpg,dead_heart
201915.jpg,blast
201528.jpg,normal
200435.jpg,normal
200043.jpg,bacterial_leaf_streak
203235.jpg,hispa
203256.jpg,tungro
202007.jpg,bacterial_panicle_blight
202815.jpg,normal
200453.jpg,tungro
203462.jpg,bacterial_panicle_blight
201287.jpg,brown_spot
201152.jpg,brown_spot
201313.jpg,tungro
203205.jpg,brown_spot
203329.jpg,dead_heart
200841.jpg,downy_mildew
202961.jpg,hispa
200248.jpg,normal
202167.jpg,normal
200518.jpg,hispa
202615.jpg,brown_spot
200865.jpg,tungro
202999.jpg,blast
200103.jpg,hispa
202643.jpg,dead_heart
200040.jpg,tungro
202518.jpg,hispa
202076.jpg,hispa
200540.jpg,downy_mildew
200931.jpg,dead_heart
200488.jpg,brown_spot
203127.jpg,normal
201138.jpg,blast
203430.jpg,blast
200899.jpg,dead_heart
201065.jpg,blast
201923.jpg,tungro
202222.jpg,blast
201195.jpg,normal
201264.jpg,blast
202484.jpg,downy_mildew
201664.jpg,blast
200201.jpg,tungro
200720.jpg,dead_heart
201531.jpg,hispa
200913.jpg,dead_heart
203416.jpg,normal
203240.jpg,dead_heart
200498.jpg,tungro
202874.jpg,dead_heart
200214.jpg,brown_spot
200800.jpg,bacterial_leaf_blight
203285.jpg,bacterial_panicle_blight
201110.jpg,hispa
200651.jpg,blast
202368.jpg,tungro
200440.jpg,brown_spot
201805.jpg,blast
200416.jpg,blast
201345.jpg,blast
201629.jpg,dead_heart
201077.jpg,tungro
200050.jpg,dead_heart
202079.jpg,hispa
200616.jpg,brown_spot
202519.jpg,blast
201509.jpg,bacterial_leaf_blight
201132.jpg,brown_spot
200293.jpg,normal
201316.jpg,blast
201833.jpg,blast
201248.jpg,dead_heart
203083.jpg,hispa
200833.jpg,blast
200321.jpg,hispa
200738.jpg,dead_heart
200944.jpg,dead_heart
201545.jpg,normal
202176.jpg,brown_spot
203232.jpg,brown_spot
203445.jpg,dead_heart
201529.jpg,hispa
201960.jpg,normal
200162.jpg,hispa
202644.jpg,hispa
201052.jpg,brown_spot
203330.jpg,normal
203115.jpg,hispa
200335.jpg,bacterial_panicle_blight
200136.jpg,brown_spot
200450.jpg,dead_heart
203431.jpg,bacterial_leaf_blight
203298.jpg,bacterial_leaf_blight
202506.jpg,brown_spot
203145.jpg,normal
201566.jpg,downy_mildew
201125.jpg,tungro
201131.jpg,brown_spot
201341.jpg,brown_spot
200658.jpg,dead_heart
201924.jpg,dead_heart
200219.jpg,brown_spot
200521.jpg,blast
202668.jpg,bacterial_leaf_streak
202919.jpg,blast
200402.jpg,normal
203180.jpg,hispa
202767.jpg,dead_heart
201190.jpg,downy_mildew
201440.jpg,brown_spot
200439.jpg,brown_spot
203302.jpg,bacterial_panicle_blight
200155.jpg,downy_mildew
201665.jpg,hispa
200574.jpg,hispa
201656.jpg,dead_heart
202391.jpg,dead_heart
201090.jpg,hispa
201016.jpg,dead_heart
201051.jpg,brown_spot
202260.jpg,bacterial_leaf_streak
203428.jpg,downy_mildew
202711.jpg,dead_heart
202601.jpg,brown_spot
202181.jpg,normal
200520.jpg,hispa
200514.jpg,blast
202473.jpg,normal
200864.jpg,bacterial_leaf_blight
202319.jpg,dead_heart
201002.jpg,tungro
202588.jpg,downy_mildew
201224.jpg,tungro
200037.jpg,bacterial_leaf_blight
200229.jpg,blast
201021.jpg,hispa
201165.jpg,blast
201219.jpg,dead_heart
200657.jpg,blast
202463.jpg,blast
201541.jpg,brown_spot
202740.jpg,tungro
203465.jpg,dead_heart
201154.jpg,dead_heart
202118.jpg,bacterial_panicle_blight
201514.jpg,blast
200061.jpg,dead_heart
200088.jpg,normal
200930.jpg,tungro
200443.jpg,bacterial_panicle_blight
200883.jpg,normal
201076.jpg,tungro
200724.jpg,dead_heart
203065.jpg,brown_spot
202152.jpg,tungro
201985.jpg,normal
202619.jpg,bacterial_leaf_blight
200716.jpg,brown_spot
202131.jpg,blast
200226.jpg,blast
200167.jpg,blast
200091.jpg,brown_spot
200812.jpg,normal
201540.jpg,hispa
201817.jpg,tungro
202417.jpg,normal
200397.jpg,blast
202832.jpg,bacterial_leaf_blight
200403.jpg,hispa
203291.jpg,blast
203296.jpg,dead_heart
200164.jpg,hispa
200737.jpg,hispa
202201.jpg,hispa
200832.jpg,hispa
201081.jpg,hispa
202950.jpg,brown_spot
201561.jpg,hispa
200079.jpg,tungro
203058.jpg,normal
203128.jpg,blast
203407.jpg,bacterial_leaf_blight
201966.jpg,normal
201918.jpg,hispa
200674.jpg,normal
201836.jpg,dead_heart
200695.jpg,blast
203385.jpg,brown_spot
200916.jpg,brown_spot
201801.jpg,bacterial_leaf_blight
202612.jpg,tungro
201823.jpg,tungro
200067.jpg,brown_spot
200987.jpg,tungro
202293.jpg,hispa
202284.jpg,normal
202745.jpg,blast
203032.jpg,brown_spot
200977.jpg,normal
201711.jpg,tungro
203206.jpg,blast
200467.jpg,normal
203312.jpg,normal
200449.jpg,blast
202537.jpg,blast
201230.jpg,brown_spot
202402.jpg,dead_heart
202975.jpg,normal
202308.jpg,hispa
200567.jpg,hispa
203008.jpg,downy_mildew
201377.jpg,blast
202072.jpg,brown_spot
200561.jpg,dead_heart
201089.jpg,normal
201784.jpg,normal
202787.jpg,brown_spot
202281.jpg,normal
203233.jpg,hispa
200534.jpg,tungro
202163.jpg,tungro
200251.jpg,downy_mildew
201112.jpg,brown_spot
200320.jpg,hispa
201429.jpg,hispa
202458.jpg,normal
200839.jpg,brown_spot
200401.jpg,dead_heart
201496.jpg,hispa
201773.jpg,hispa
203007.jpg,downy_mildew
201868.jpg,bacterial_leaf_blight
202570.jpg,blast
201739.jpg,bacterial_panicle_blight
200639.jpg,blast
200123.jpg,dead_heart
202647.jpg,hispa
203050.jpg,hispa
203396.jpg,bacterial_leaf_blight
201042.jpg,blast
202046.jpg,tungro
202819.jpg,normal
202285.jpg,tungro
200437.jpg,tungro
201869.jpg,bacterial_leaf_blight
201553.jpg,blast
201271.jpg,blast
202624.jpg,tungro
203048.jpg,downy_mildew
202311.jpg,blast
202185.jpg,bacterial_panicle_blight
200046.jpg,bacterial_leaf_blight
203389.jpg,hispa
201971.jpg,blast
203275.jpg,brown_spot
202238.jpg,blast
201049.jpg,downy_mildew
201627.jpg,normal
201174.jpg,hispa
202351.jpg,bacterial_leaf_blight
202410.jpg,tungro
200193.jpg,normal
203301.jpg,blast
203299.jpg,tungro
203461.jpg,normal
202455.jpg,normal
200391.jpg,brown_spot
201685.jpg,normal
200480.jpg,dead_heart
201446.jpg,hispa
201279.jpg,brown_spot
202287.jpg,blast
201761.jpg,blast
203400.jpg,brown_spot
201394.jpg,dead_heart
200797.jpg,normal
201854.jpg,downy_mildew
202956.jpg,bacterial_panicle_blight
201406.jpg,normal
200914.jpg,tungro
201109.jpg,brown_spot
202162.jpg,dead_heart
201631.jpg,hispa
201425.jpg,bacterial_leaf_blight
202912.jpg,tungro
200055.jpg,hispa
200945.jpg,dead_heart
202606.jpg,tungro
202273.jpg,bacterial_leaf_blight
202813.jpg,normal
201352.jpg,hispa
201852.jpg,normal
203165.jpg,blast
201984.jpg,hispa
201955.jpg,dead_heart
201855.jpg,normal
201086.jpg,dead_heart
202218.jpg,normal
200392.jpg,normal
201408.jpg,brown_spot
200696.jpg,normal
201162.jpg,normal
203200.jpg,normal
202321.jpg,downy_mildew
201023.jpg,tungro
200133.jpg,hispa
200394.jpg,normal
201608.jpg,normal
203405.jpg,blast
202093.jpg,brown_spot
201781.jpg,dead_heart
203306.jpg,dead_heart
201816.jpg,bacterial_leaf_streak
200583.jpg,brown_spot
203024.jpg,tungro
200872.jpg,bacterial_leaf_blight
203274.jpg,normal
202279.jpg,bacterial_leaf_blight
202030.jpg,downy_mildew
202527.jpg,blast
201005.jpg,bacterial_leaf_blight
201388.jpg,hispa
202608.jpg,hispa
201160.jpg,hispa
200673.jpg,hispa
203314.jpg,downy_mildew
200396.jpg,normal
200195.jpg,hispa
202583.jpg,normal
200557.jpg,hispa
202741.jpg,normal
200423.jpg,downy_mildew
203457.jpg,brown_spot
202560.jpg,tungro
201878.jpg,normal
200771.jpg,bacterial_leaf_blight
201503.jpg,blast
201772.jpg,tungro
202942.jpg,hispa
201943.jpg,brown_spot
202060.jpg,dead_heart
203148.jpg,bacterial_leaf_streak
201306.jpg,normal
200014.jpg,dead_heart
200056.jpg,dead_heart
200305.jpg,dead_heart
203353.jpg,normal
203163.jpg,blast
200220.jpg,downy_mildew
201297.jpg,bacterial_leaf_streak
202833.jpg,brown_spot
202887.jpg,normal
202233.jpg,bacterial_leaf_blight
201323.jpg,blast
200533.jpg,brown_spot
200070.jpg,dead_heart
203187.jpg,normal
202945.jpg,normal
202559.jpg,brown_spot
200798.jpg,downy_mildew
